﻿<?xml version="1.0" encoding="utf-8" standalone="no" ?>
<vehicle type="HW60_Planenaufbau">
    <annotation>LS17/19 Umbau + Konzept HW60 Planenaufbau by ***ADOLF*** von den ***OSTMODDING-FREUNDEN***</annotation>
	
	<storeData>
        <name>HW60 mit Planenaufbau</name>
        <specs>
            <combination>60.11</combination>
        </specs>
        <functions>
            <function>HW60 mit Planenaufbau zum Transport von Paletten und Strohballen.</function>
        </functions>
        <image>store.dds</image>
        <price>9400</price>
        <dailyUpkeep>150</dailyUpkeep>
        <lifetime>600</lifetime>
        <rotation>0</rotation>
        <brand>OSTMODDING</brand>
        <category>Ostmodding_Freunde</category>
    </storeData>
	
	<base>
        <typeDesc>HW60 Planenaufbau</typeDesc>
        <filename>HW_60_Plane.i3d</filename>
        <size width="4" length="9" lengthOffset="0.5"/>
        <components>
            <component centerOfMass="0 0.55 -0.2" solverIterationCount="10" mass="1830" />
            <component centerOfMass="0 0.3 0.6" solverIterationCount="10" mass="830" />
            <component solverIterationCount="10" mass="530" />
            <joint component1="1" component2="2" node="1>3" rotLimit="0 120 4" transLimit="0 0 0"/>
            <joint component1="2" component2="3" node="2>1" rotLimit="20 0 0" transLimit="0 0 0"/>
        </components>
        <schemaOverlay attacherJointPosition="0 0">
            <default name="DEFAULT_IMPLEMENT"/>
            <selected name="DEFAULT_IMPLEMENT_SELECTED"/>
        </schemaOverlay>
    </base>

    <wheels>
        <wheelConfigurations>
            <wheelConfiguration>
                <wheels autoRotateBackSpeed="2.0">
                    <wheel hasTireTracks="true" hasParticles="true">
                        <physics restLoad="0.9" repr="0>0" radius="0.49" width="0.80" mass="0.16" initialCompression="20" suspTravel="0.05" spring="85" damper="50" maxLatStiffness="120" tireTrackAtlasIndex="4"/>
                    </wheel>
                    <wheel hasTireTracks="true" hasParticles="true">
                        <physics restLoad="0.9" repr="0>1" radius="0.49" width="0.80" mass="0.16" initialCompression="20" suspTravel="0.05" spring="85" damper="50" maxLatStiffness="120" tireTrackAtlasIndex="4"/>
                    </wheel>
                    <wheel hasTireTracks="true" hasParticles="true">
                        <physics restLoad="1.4" repr="1>0" radius="0.49" width="0.80" mass="0.16" initialCompression="20" suspTravel="0.05" spring="85" damper="50" maxLatStiffness="120" tireTrackAtlasIndex="4"/>
                    </wheel>
                    <wheel hasTireTracks="true" hasParticles="true">
                        <physics restLoad="1.4" repr="1>1" radius="0.49" width="0.80" mass="0.16" initialCompression="20" suspTravel="0.05" spring="85" damper="50" maxLatStiffness="120" tireTrackAtlasIndex="4"/>
                    </wheel>
                </wheels>
            </wheelConfiguration>
        </wheelConfigurations>
    </wheels>
	
	<lights>
        <sharedLight linkNode="0>2|4"  filename="$data/shared/assets/lights/lizard/rear3ChamberLight_01_left.xml" />
        <sharedLight linkNode="0>2|5" filename="$data/shared/assets/lights/lizard/rear3ChamberLight_01_right.xml" />

        <realLights>
            <high>
                <light node="0>2|7|1|1" lightTypes="0" />
                <turnLightLeft node="0>2|7|2|0|1" />
                <turnLightRight node="0>2|7|2|1|1" />
                <brakeLight node="0>2|7|3|1" />
            </high>
        </realLights>
    </lights>
	
	<!-- <reverseLights>
        <reverseLight  decoration="0>2|7|2|0|0"/>
		<reverseLight  decoration="0>2|7|2|1|0"/>
    </reverseLights> -->
	
  
	<attachable>
        <inputAttacherJoints>
            <inputAttacherJoint node="2>0" rootNode="2>" jointType="trailer" attacherHeight="0.9"/>
        </inputAttacherJoints>
        <support animationName="moveSupport"/>
        <brakeForce>0.8</brakeForce>
        <airConsumer usage="0.3"/>
    </attachable>
	
	<attacherJoints>
        <attacherJoint node="0>4" jointType="trailer" lowerRotLimit="10 80 80" upperRotationOffset="0" allowsJointLimitMovement="false" canTurnOnImplement="false">
            <schema position="1 0" rotation="0" invertX="false"/>
        </attacherJoint>
        <sounds>
            <attach template="ATTACH_01" linkNode="0>" />
        </sounds>
    </attacherJoints>
	
    <animations>
        <animation name="moveSupport">
		    <part startTime="0.0" endTime="0.15" componentJointIndex="2" startRotLimit="20 0 0" endRotLimit="0 0 0"/>
        </animation>
        <!-- <animation name="MoveTriggerUp">
            <part node="0>14" startTime="0" endTime="0.001" startTrans="0 -30 0" endTrans="0 0 0" />
		</animation>
		<animation name="MoveTriggerDn">
            <part node="0>14" startTime="0" endTime="0.001" startTrans="0 0 0" endTrans="0 -30 0" />
		</animation> -->
        <animation name="moveTrigger">
			<part node="0>16|3"   startTime="0"  endTime="0.001" startTrans="0 -10 0" endTrans="0 0 0" />
		</animation>
        <animation name="anim">
		    <!-- Bretter Links -->
		    <part node="0>11|4|0" startTime="2"    endTime="2.25" startScale="1 1 1" endScale="0 0 0" />
		    <part node="0>11|4|1" startTime="2.25"    endTime="2.5" startScale="1 1 1" endScale="0 0 0" />
		    <part node="0>11|4|2" startTime="2.5"    endTime="2.75" startScale="1 1 1" endScale="0 0 0" />
		    <part node="0>11|4|3" startTime="2.75"    endTime="3" startScale="1 1 1" endScale="0 0 0" />
		    <part node="0>11|5|0" startTime="3"    endTime="3.25" startScale="1 1 1" endScale="0 0 0" />
			<part node="0>11|5|1" startTime="3.25"    endTime="3.5" startScale="1 1 1" endScale="0 0 0" />
		    <part node="0>11|5|2" startTime="3.5"    endTime="3.75" startScale="1 1 1" endScale="0 0 0" />
		    <part node="0>11|5|3" startTime="3.75"    endTime="4" startScale="1 1 1" endScale="0 0 0" />
			
			<!-- Verschluesse Links-->
			<part node="0>11|9|0" startTime="4"    endTime="4.25" startRot="-90 90 -90" endRot="-90 0 -90" />
		    <part node="0>11|9|1" startTime="4.25"    endTime="4.5" startRot="90 90 90" endRot="90 0 90" />
		    <part node="0>11|10|0" startTime="4.5"    endTime="4.75" startRot="-90 90 -90" endRot="-90 0 -90" />
		    <part node="0>11|10|1" startTime="4.75"    endTime="5" startRot="90 90 90" endRot="90 0 90" />
			
			<!-- Bordwand Links-->
			<part node="0>11|9" startTime="5"    endTime="6" startRot="0 0 0" endRot="0 0 -180" />
		    <part node="0>11|10" startTime="5.5"    endTime="6.5" startRot="0 0 0" endRot="0 0 -180" />
			
			<!-- Bretter Hinten --> 
			<part node="0>11|8|0" startTime="3"    endTime="3.25" startScale="1 1 1" endScale="0 0 0" />
		    <part node="0>11|8|1" startTime="3.25"    endTime="3.5" startScale="1 1 1" endScale="0 0 0" />
		    <part node="0>11|8|2" startTime="3.5"    endTime="3.75" startScale="1 1 1" endScale="0 0 0" />
		    <part node="0>11|8|3" startTime="3.75"    endTime="4" startScale="1 1 1" endScale="0 0 0" />
			
			<!-- Verschluesse Hinten-->
			<part node="0>11|11|0" startTime="4"    endTime="4.25" startRot="0 0 0" endRot="0 0 90" />
		    <part node="0>11|11|1" startTime="4.25"    endTime="4.5" startRot="0 0 0" endRot="0 0 -90" />
			
			<!-- Bordwand Hinten-->
			<part node="0>11|11" startTime="5"    endTime="6" startRot="0 0 0" endRot="-180 0 0" />
			
			<!-- Bretter Rechts-->
		    <part node="0>11|6|0" startTime="4"    endTime="4.25" startScale="1 1 1" endScale="0 0 0" />
		    <part node="0>11|6|1" startTime="4.25"    endTime="4.5" startScale="1 1 1" endScale="0 0 0" />
		    <part node="0>11|6|2" startTime="4.5"    endTime="4.75" startScale="1 1 1" endScale="0 0 0" />
		    <part node="0>11|6|3" startTime="4.75"    endTime="5" startScale="1 1 1" endScale="0 0 0" />
		    <part node="0>11|7|0" startTime="5"    endTime="5.25" startScale="1 1 1" endScale="0 0 0" />
			<part node="0>11|7|1" startTime="5.25"    endTime="5.5" startScale="1 1 1" endScale="0 0 0" />
		    <part node="0>11|7|2" startTime="5.5"    endTime="5.75" startScale="1 1 1" endScale="0 0 0" />
		    <part node="0>11|7|3" startTime="5.75"    endTime="6" startScale="1 1 1" endScale="0 0 0" />
			
			<!-- Verschluesse Rechts-->
			<part node="0>11|12|0" startTime="6"    endTime="6.25" startRot="0 0 0" endRot="90 0 0" />
		    <part node="0>11|12|1" startTime="6.25"    endTime="6.5" startRot="0 0 0" endRot="-90 0 0" />
		    <part node="0>11|13|0" startTime="6.5"    endTime="6.75" startRot="0 0 0" endRot="90 0 0" />
		    <part node="0>11|13|1" startTime="6.75"    endTime="7" startRot="0 0 0" endRot="-90 0 0" />
			
			<!-- Bordwand Rechts-->
			<part node="0>11|12" startTime="7"    endTime="8" startRot="0 0 0" endRot="0 0 180" />
		    <part node="0>11|13" startTime="7.5"    endTime="8.5" startRot="0 0 0" endRot="0 0 180" />
			
			 <!-- Planen -->
            <part node="0>11|15" startTime="0" endTime="2" startScale="1 1 1" endScale="1 0 1"/>
            <part node="0>11|17" startTime="1" endTime="3" startScale="1 1 1" endScale="1 0 1"/>
            <part node="0>11|16" startTime="2" endTime="4" startScale="1 1 1" endScale="1 0 1"/>
        </animation> 		
    </animations>
	
	<foldable>
        <foldingParts>
            <foldingPart animationName="anim" speedScale="1" />
        </foldingParts>
    </foldable>
	

	<!-- dynamicHose -->
	<connectionHoses>
        <target attacherJointIndices="1" type="electric" node="0>10|0|1"/>
        <target attacherJointIndices="1" type="airDoubleYellow" node="0>10|1|0|1"/>
        <target attacherJointIndices="1" type="airDoubleRed" node="0>10|1|1|1" />
        
		
        <hose inputAttacherJointIndices="1" type="electric" node="2>2|3|0|0|0" length="2.9" diameter="0.008" straighteningFactor="1.5">
		    <objectChange node="2>2|2|0" visibilityActive="false" visibilityInactive="true"/>
        </hose>	
        <hose inputAttacherJointIndices="1" type="airDoubleRed"  node="2>2|0|0|0|0"  length="2.9" diameter="0.01" straighteningFactor="1.5" >
            <objectChange node="2>2|1|0" visibilityActive="false" visibilityInactive="true"/>
        </hose>
        <hose inputAttacherJointIndices="1" type="airDoubleYellow" node="2>2|0|1|0|0" length="2.9" diameter="0.01" straighteningFactor="1.5">
            <objectChange node="2>2|1|1" visibilityActive="false" visibilityInactive="true"/>
        </hose>
    </connectionHoses>
	
	 <tensionBelts>
        <tensionBeltsConfigurations>
            <tensionBeltsConfiguration>
                <tensionBelts linkNode="0>12" jointNode="0>" width="0.075" maxEdgeLength="0.1" geometryBias="0.01" ratchetPosition="0.2" defaultOffset="0.1" defaultOffsetSide="0.1" defaultHeight="5">
                    <tensionBelt startNode="0>12|0" endNode="0>12|0|0" offsetLeft="1.3"/>
                    <tensionBelt startNode="0>12|1" endNode="0>12|1|0"/>
                    <tensionBelt startNode="0>12|2" endNode="0>12|2|0"/>
                    <tensionBelt startNode="0>12|3" endNode="0>12|3|0"/>
                    <tensionBelt startNode="0>12|4" endNode="0>12|4|0"/>
                </tensionBelts>
            </tensionBeltsConfiguration>
        </tensionBeltsConfigurations>
    </tensionBelts>
	<turnOnVehicle turnOffIfNotAllowed="true"/>
	
	<!--UAL-->
	<!--Configurable options for EasyAutoLoad-->
	<easyAutoLoad objectsIndex="0>16|1" triggersIndex="0>16|3" markerPositionsIndex="0>16|2" markerIndex="0>16|0" triggerAnimation="moveTrigger" centerMarkerIndex="1" unloadHeightOffset="-0.75">
		<levelBarOptions coloredIcons="true" iconColor="0.6307 0.6307 0.6307 1" fillLevelColor="0.991 0.3865 0.01 1"/>
		<palletIcon colorIcon="Tekstury/pallet.png" overlayIcon="Tekstury/palletIconOverlay.png"/>
		<roundBaleIcon colorIcon="Tekstury/roundBale.png" overlayIcon="Tekstury/roundBaleIconOverlay.png"/>
		<squareBaleIcon colorIcon="Tekstury/squareBale.png" overlayIcon="Tekstury/squareBaleIconOverlay.png"/>
		<weightIcon colorIcon="Tekstury/weightIcon.png" overlayIcon="Tekstury/weightIconOverlay.png"/>
		<moveableMarkerOptions minX="0 4 -25 -25" maxX="0 25 25 -4" minY="0 -0.7 -0.7 -0.7" maxY="0 15 15 15" minZ="0 -20 -30 -20" maxZ="0 20 -16 20" markerMoveSpeed="0.05"/>
	</easyAutoLoad>
	
	
	<!-- <foldingParts posDirectionText="unfold_SupportFeet" negDirectionText="fold_SupportFeet" turnOnFoldMaxLimit="1" turnOnFoldMinLimit="0.9" turnOffOnFold="true">
        <foldingPart animationName="Ladeflaeche" speedScale="1"/>
    </foldingParts> -->
	
	<!-- <dynamicMountAttacherTrigger triggerNode="0>15" rootNode="0>" jointNode="0>" forceAcceleration="30"/> -->

    <washable dirtDuration="90" washDuration="1" workMultiplier="4" />

   
</vehicle>
